[
  {
    "expense": 15,
    "category": "Retail"
  },
  {
    "expense": 18,
    "category": "Gas"
  },
  {
    "expense": 10,
    "category": "Retail"
  },
  {
    "expense": 25,
    "category": "Gas"
  },
  {
    "expense": 66,
    "category": "Retail"
  },
  {
    "expense": 70,
    "category": "Gas"
  },
  {
    "expense": 44,
    "category": "Dining"
  },
  {
    "expense": 13,
    "category": "Dining"
  },
  {
    "expense": 20,
    "category": "Dining"
  },
  {
    "expense": 12,
    "category": "Retail"
  },
  {
    "expense": 15,
    "category": "Gas"
  },
  {
    "expense": 110,
    "category": "Retail"
  },
  {
    "expense": 28,
    "category": "Gas"
  },
  {
    "expense": 55,
    "category": "Retail"
  },
  {
    "expense": 26,
    "category": "Gas"
  },
  {
    "expense": 62,
    "category": "Retail"
  },
  {
    "expense": 22,
    "category": "Gas"
  },
  {
    "expense": 51,
    "category": "Dining"
  },
  {
    "expense": 64,
    "category": "Dining"
  },
  {
    "expense": 21,
    "category": "Dining"
  },
  {
    "expense": 120,
    "category": "Retail"
  },
  {
    "expense": 19,
    "category": "Gas"
  }
]